-- phpMyAdmin SQL Dump
-- version 3.2.2
-- http://www.phpmyadmin.net
--
-- Host: cycle2.eecs.ku.edu
-- Generation Time: Sep 25, 2009 at 11:01 AM
-- Server version: 5.1.37
-- PHP Version: 5.2.9

/*!40101 SET @OLD_CHARACTER_SET_CLIENT=@@CHARACTER_SET_CLIENT */;
/*!40101 SET @OLD_CHARACTER_SET_RESULTS=@@CHARACTER_SET_RESULTS */;
/*!40101 SET @OLD_COLLATION_CONNECTION=@@COLLATION_CONNECTION */;
/*!40101 SET NAMES utf8 */;


--
--
--
-- --------------------------------------------------------
--
-- Table structure for table 'BRANCH'
--
DROP TABLE IF EXISTS BRANCH;
CREATE TABLE IF NOT EXISTS BRANCH (
LOCNAME varchar(15) NOT NULL,
ADDR varchar(35) DEFAULT NULL,
PRIMARY KEY (LOCNAME)
);
--
-- Dumping data for table 'BRANCH'
--
INSERT INTO BRANCH (LOCNAME, ADDR) VALUES('Woodend', '123 Woodend Ave, Lawrence KS');
INSERT INTO BRANCH (LOCNAME, ADDR) VALUES('Turner Valley', '918 Turner Street, Lawrence KS');
INSERT INTO BRANCH (LOCNAME, ADDR) VALUES('Park Lane', '351 Park Lane, Lawrence KS');
INSERT INTO BRANCH (LOCNAME, ADDR) VALUES('Rosebud', '274 Rosebud Street, Lawrence KS');
INSERT INTO BRANCH (LOCNAME, ADDR) VALUES('Lakelee', '193 Lakelee Lane, Lawrence KS');
INSERT INTO BRANCH (LOCNAME, ADDR) VALUES('Fallie', '820 Fallie Road, Lawrence KS');


-- --------------------------------------------------------
--
-- Table structure for table 'ACCOUNT'
--
DROP TABLE IF EXISTS ACCOUNT;
CREATE TABLE IF NOT EXISTS ACCOUNT (
ACCOUNTID int(8) NOT NULL,
FNAME varchar(15) DEFAULT NULL,
LNAME varchar(20) DEFAULT NULL,
HOMELOCATION varchar(15) DEFAULT NULL REFERENCES BRANCH (LOCNAME),
PRIMARY KEY (ACCOUNTID)
);
--
-- Dumping data for table 'ACCOUNT'
--
INSERT INTO ACCOUNT (ACCOUNTID, FNAME, LNAME, HOMELOCATION) VALUES(98260797, 'Sarah', 'Marshall', 'Woodend');
INSERT INTO ACCOUNT (ACCOUNTID, FNAME, LNAME, HOMELOCATION) VALUES(52968826, 'Kari', 'Twiller', 'Park Lane');
INSERT INTO ACCOUNT (ACCOUNTID, FNAME, LNAME, HOMELOCATION) VALUES(86840923, 'Jordan', 'Johnson', 'Woodend');
INSERT INTO ACCOUNT (ACCOUNTID, FNAME, LNAME, HOMELOCATION) VALUES(19361525, 'Xavier', 'Lenore', 'Rosebud');
INSERT INTO ACCOUNT (ACCOUNTID, FNAME, LNAME, HOMELOCATION) VALUES(59709773, 'Matteo', 'Fin', 'Fallie');


-- --------------------------------------------------------
--
-- Table structure for table 'EMPLOYEE'
--
DROP TABLE IF EXISTS EMPLOYEE;
CREATE TABLE IF NOT EXISTS EMPLOYEE (
EMPLOYID int(4) NOT NULL,
ENAME varchar(30) DEFAULT NULL,
LOCNAME varchar(15) DEFAULT NULL REFERENCES BRANCH (LOCNAME),
PASS varchar(20) DEFAULT NULL, 
PRIMARY KEY (EMPLOYID)
);
--
-- Dumping data for table 'EMPLOYEE'
--
INSERT INTO EMPLOYEE (EMPLOYID, ENAME, LOCNAME, PASS) VALUES(5465,'Elise Lovell', 'Fallie', 'pass1EL');
INSERT INTO EMPLOYEE (EMPLOYID, ENAME, LOCNAME, PASS) VALUES(6701,'Shelby Jones', 'Woodend', 'pass2SJ');
INSERT INTO EMPLOYEE (EMPLOYID, ENAME, LOCNAME, PASS) VALUES(8843,'Freshta Zaheer', 'Park Lane', 'pass3FZ');

-- --------------------------------------------------------
--
-- Table structure for table 'BOOKINFO'
--
DROP TABLE IF EXISTS BOOKINFO;
CREATE TABLE IF NOT EXISTS BOOKINFO (
ISBN varchar(10) NOT NULL,
PUBYEAR int(4) DEFAULT NULL,
AUTHOR varchar(25) DEFAULT NULL,
TITLE varchar(45) DEFAULT NULL,
COVER varchar(30) DEFAULT NULL,
PRIMARY KEY (ISBN)
);
--
-- Dumping data for table 'BOOKINFO'
--
INSERT INTO BOOKINFO (ISBN, PUBYEAR, AUTHOR, TITLE, COVER) VALUES('60256672',1974,'Shel Silverstein', 'Where the Sidewalk Ends', 'wherethesidewalkends.jpg');
INSERT INTO BOOKINFO (ISBN, PUBYEAR, AUTHOR, TITLE, COVER) VALUES('152023984',1943,'Antoine de Saint-Exupery', 'The Little Prince', 'thelittleprince.jpg');
INSERT INTO BOOKINFO (ISBN, PUBYEAR, AUTHOR, TITLE, COVER) VALUES('441013597',1965,'Frank Herbert', 'Dune', 'dune.jpg');
INSERT INTO BOOKINFO (ISBN, PUBYEAR, AUTHOR, TITLE, COVER) VALUES('345806786',1977,'Stephen King', 'The Shining', 'theshining.jpg');
INSERT INTO BOOKINFO (ISBN, PUBYEAR, AUTHOR, TITLE, COVER) VALUES('547928211',1954,'J.R.R. Tolkein', 'Lord of the Rings: Fellowship of the Ring', 'lordoftherings.jpg');
INSERT INTO BOOKINFO (ISBN, PUBYEAR, AUTHOR, TITLE, COVER) VALUES('198826737',1832,'Jane Austen', 'Pride and Prejudice', 'prideandprejudice.jpg');
INSERT INTO BOOKINFO (ISBN, PUBYEAR, AUTHOR, TITLE, COVER) VALUES('1607105551',1811,'Jane Austen', 'Sense and Sensibility', 'senseandsensibility.jpg');
INSERT INTO BOOKINFO (ISBN, PUBYEAR, AUTHOR, TITLE, COVER) VALUES('0451524934',1949,'George Orwell', '1984','1984.jpg');
INSERT INTO BOOKINFO (ISBN, PUBYEAR, AUTHOR, TITLE, COVER) VALUES('345534832',1937,'J.R.R. Tolkein', 'The Hobbit', 'thehobbit.jpg');
INSERT INTO BOOKINFO (ISBN, PUBYEAR, AUTHOR, TITLE, COVER) VALUES('1903436915',1597,'William Shakespear', 'Romeo and Juilet', 'romeoandjuliet.jpg');
INSERT INTO BOOKINFO (ISBN, PUBYEAR, AUTHOR, TITLE, COVER) VALUES('312367546',1962,'Madeleine L''Engle', 'A Wrinkle in Time', 'wrinkleintime.jpg');
INSERT INTO BOOKINFO (ISBN, PUBYEAR, AUTHOR, TITLE, COVER) VALUES('1451678193',1950,'Ray BradBury', 'The Martian Chronicles', 'themartianchronicles.jpg');
INSERT INTO BOOKINFO (ISBN, PUBYEAR, AUTHOR, TITLE, COVER) VALUES('439023483',2008,'Susane Collins', 'The Hunger Games', 'thehungergames.jpg');

-- --------------------------------------------------------
--
-- Table structure for table 'BOOK'
--
DROP TABLE IF EXISTS BOOK;
CREATE TABLE IF NOT EXISTS BOOK (
BARCODE int(4) NOT NULL,
ISBN varchar(10) NOT NULL REFERENCES BOOKINFO (ISBN),
ATLOC varchar(15) DEFAULT NULL REFERENCES BRANCH (LOCNAME),
PRIMARY KEY (BARCODE)
);
--
-- Dumping data for table 'BOOK'
--
INSERT INTO BOOK (BARCODE, ISBN, ATLOC) VALUES(2389,'60256672', NULL);
INSERT INTO BOOK (BARCODE, ISBN, ATLOC) VALUES(1112,'60256672', 'Woodend');
INSERT INTO BOOK (BARCODE, ISBN, ATLOC) VALUES(1465,'152023984', 'Park Lane');
INSERT INTO BOOK (BARCODE, ISBN, ATLOC) VALUES(5629,'198826737', 'Woodend');
INSERT INTO BOOK (BARCODE, ISBN, ATLOC) VALUES(9284,'441013597', NULL);
INSERT INTO BOOK (BARCODE, ISBN, ATLOC) VALUES(0284,'441013597', NULL);
INSERT INTO BOOK (BARCODE, ISBN, ATLOC) VALUES(0847,'345806786', 'Fallie');
INSERT INTO BOOK (BARCODE, ISBN, ATLOC) VALUES(6038,'312367546', NULL);
INSERT INTO BOOK (BARCODE, ISBN, ATLOC) VALUES(0134,'1451678193', 'Fallie');
INSERT INTO BOOK (BARCODE, ISBN, ATLOC) VALUES(9356,'1607105551', NULL);
INSERT INTO BOOK (BARCODE, ISBN, ATLOC) VALUES(5396,'0451524934', 'Turner Valley');
INSERT INTO BOOK (BARCODE, ISBN, ATLOC) VALUES(3284,'0451524934', NULL);
INSERT INTO BOOK (BARCODE, ISBN, ATLOC) VALUES(3936,'547928211', 'Rosebud');
INSERT INTO BOOK (BARCODE, ISBN, ATLOC) VALUES(9927,'547928211', 'Park Lane');
INSERT INTO BOOK (BARCODE, ISBN, ATLOC) VALUES(1739,'1903436915', 'Lakelee');
INSERT INTO BOOK (BARCODE, ISBN, ATLOC) VALUES(6637,'345534832', NULL);
INSERT INTO BOOK (BARCODE, ISBN, ATLOC) VALUES(2599,'439023483', 'Rosebud');

-- --------------------------------------------------------
--
-- Table structure for table 'BOOKGENRE'
--
DROP TABLE IF EXISTS BOOKGENRE;
CREATE TABLE IF NOT EXISTS BOOKGENRE (
ISBN varchar(10) NOT NULL REFERENCES BOOKINFO (ISBN),
GENRE varchar(15) NOT NULL,
PRIMARY KEY (ISBN, GENRE)
);
--
-- Dumping data for table 'BOOKGENRE'
--
INSERT INTO BOOKGENRE (ISBN, GENRE) VALUES('60256672','Children''s Lit');
INSERT INTO BOOKGENRE (ISBN, GENRE) VALUES('60256672','Poetry');
INSERT INTO BOOKGENRE (ISBN, GENRE) VALUES('152023984','Children''s Lit');
INSERT INTO BOOKGENRE (ISBN, GENRE) VALUES('441013597','Sci-Fi');
INSERT INTO BOOKGENRE (ISBN, GENRE) VALUES('198826737','Romance');
INSERT INTO BOOKGENRE (ISBN, GENRE) VALUES('198826737','Classic');
INSERT INTO BOOKGENRE (ISBN, GENRE) VALUES('345806786','Horror');
INSERT INTO BOOKGENRE (ISBN, GENRE) VALUES('312367546','YA');
INSERT INTO BOOKGENRE (ISBN, GENRE) VALUES('312367546','Sci-Fi');
INSERT INTO BOOKGENRE (ISBN, GENRE) VALUES('1451678193','Sci-Fi');
INSERT INTO BOOKGENRE (ISBN, GENRE) VALUES('0451524934','Classic');
INSERT INTO BOOKGENRE (ISBN, GENRE) VALUES('1607105551','Classic');
INSERT INTO BOOKGENRE (ISBN, GENRE) VALUES('0451524934','Dystopian');
INSERT INTO BOOKGENRE (ISBN, GENRE) VALUES('547928211','Classic');
INSERT INTO BOOKGENRE (ISBN, GENRE) VALUES('547928211','Fantasy');
INSERT INTO BOOKGENRE (ISBN, GENRE) VALUES('1903436915','Romance');
INSERT INTO BOOKGENRE (ISBN, GENRE) VALUES('1903436915','Classic');
INSERT INTO BOOKGENRE (ISBN, GENRE) VALUES('345534832','Fantasy');
INSERT INTO BOOKGENRE (ISBN, GENRE) VALUES('439023483','YA');
INSERT INTO BOOKGENRE (ISBN, GENRE) VALUES('439023483','Dystopian');

-- --------------------------------------------------------
--
-- Table structure for table 'CHECKEDOUT'
--
DROP TABLE IF EXISTS CHECKEDOUT;
CREATE TABLE IF NOT EXISTS CHECKEDOUT (
BARCODE int(4) NOT NULL REFERENCES BOOK (BARCODE),
ACCOUNTID int(8) NOT NULL REFERENCES ACCOUNT (ACCOUNTID),
PRIMARY KEY (BARCODE, ACCOUNTID)
);
--
-- Dumping data for table 'CHECKEDOUT'
--
INSERT INTO CHECKEDOUT (BARCODE, ACCOUNTID) VALUES(2389, '98260797');
INSERT INTO CHECKEDOUT (BARCODE, ACCOUNTID) VALUES(9284, '98260797');
INSERT INTO CHECKEDOUT (BARCODE, ACCOUNTID) VALUES(0284, '52968826');
INSERT INTO CHECKEDOUT (BARCODE, ACCOUNTID) VALUES(9356, '59709773');
INSERT INTO CHECKEDOUT (BARCODE, ACCOUNTID) VALUES(6038, '52968826');
INSERT INTO CHECKEDOUT (BARCODE, ACCOUNTID) VALUES(3284, '52968826');
INSERT INTO CHECKEDOUT (BARCODE, ACCOUNTID) VALUES(6637, '86840923');
INSERT INTO BOOKGENRE (ISBN, GENRE) VALUES('1607105551','Classic');
INSERT INTO BOOKGENRE (ISBN, GENRE) VALUES('0451524934','Dystopian');
INSERT INTO BOOKGENRE (ISBN, GENRE) VALUES('547928211','Classic');
INSERT INTO BOOKGENRE (ISBN, GENRE) VALUES('547928211','Fantasy');
INSERT INTO BOOKGENRE (ISBN, GENRE) VALUES('1903436915','Romance');
INSERT INTO BOOKGENRE (ISBN, GENRE) VALUES('1903436915','Classic');
INSERT INTO BOOKGENRE (ISBN, GENRE) VALUES('345534832','Fantasy');
INSERT INTO BOOKGENRE (ISBN, GENRE) VALUES('439023483','YA');
INSERT INTO BOOKGENRE (ISBN, GENRE) VALUES('439023483','Dystopian');


